block_data,stim,count,mean,std,min,25%,50%,75%,max,num_missing,adj_mean,stnd_error
1,materials/images/redA2.png,35,0.657142857,0.481593992,0,0.0,1.0,1.0,1,0,0.657142857,0.081404242
2,materials/images/redA2.png,35,0.771428571,0.426042961,0,1.0,1.0,1.0,1,0,0.771428571,0.072014404
3,materials/images/redA2.png,33,0.939393939,0.242305842,0,1.0,1.0,1.0,1,2,0.97979798,0.040957163
4,materials/images/redA2.png,29,0.827586207,0.384425872,0,1.0,1.0,1.0,1,6,0.975369458,0.064979832
5,materials/images/redA2.png,18,0.944444444,0.23570226,0,1.0,1.0,1.0,1,17,0.99691358,0.039840954
6,materials/images/redA2.png,10,0.9,0.316227766,0,1.0,1.0,1.0,1,25,0.996153846,0.053452248
7,materials/images/redA2.png,5,0.8,0.447213595,0,1.0,1.0,1.0,1,30,0.993548387,0.075592895
8,materials/images/redA2.png,2,1.0,0.0,1,1.0,1.0,1.0,1,33,1.0,0.0
