block_data,stim,count,mean,std,min,25%,50%,75%,max,num_missing,adj_mean,stnd_error
1,materials/images/redA3.png,35,0.742857143,0.443439574,0,0.5,1.0,1.0,1,0,0.742857143,0.074954969
2,materials/images/redA3.png,35,0.828571429,0.38238526,0,1.0,1.0,1.0,1,0,0.828571429,0.064634906
3,materials/images/redA3.png,33,0.909090909,0.291937104,0,1.0,1.0,1.0,1,2,0.96969697,0.049346377
4,materials/images/redA3.png,29,0.862068966,0.350931203,0,1.0,1.0,1.0,1,6,0.980295567,0.0593182
5,materials/images/redA3.png,18,0.944444444,0.23570226,0,1.0,1.0,1.0,1,17,0.99691358,0.039840954
6,materials/images/redA3.png,10,0.8,0.421637021,0,1.0,1.0,1.0,1,25,0.992307692,0.071269664
7,materials/images/redA3.png,5,1.0,0.0,1,1.0,1.0,1.0,1,30,1.0,0.0
8,materials/images/redA3.png,2,1.0,0.0,1,1.0,1.0,1.0,1,33,1.0,0.0
