block_data,stim,count,mean,std,min,25%,50%,75%,max,num_missing,adj_mean,stnd_error
1,materials/images/redA4.png,35,0.771428571,0.426042961,0,1.0,1.0,1.0,1,0,0.771428571,0.072014404
2,materials/images/redA4.png,35,0.828571429,0.38238526,0,1.0,1.0,1.0,1,0,0.828571429,0.064634906
3,materials/images/redA4.png,33,0.818181818,0.391674726,0,1.0,1.0,1.0,1,2,0.939393939,0.066205112
4,materials/images/redA4.png,29,0.827586207,0.384425872,0,1.0,1.0,1.0,1,6,0.975369458,0.064979832
5,materials/images/redA4.png,18,0.833333333,0.383482494,0,1.0,1.0,1.0,1,17,0.990740741,0.064820372
6,materials/images/redA4.png,10,0.8,0.421637021,0,1.0,1.0,1.0,1,25,0.992307692,0.071269664
7,materials/images/redA4.png,5,0.8,0.447213595,0,1.0,1.0,1.0,1,30,0.993548387,0.075592895
8,materials/images/redA4.png,2,1.0,0.0,1,1.0,1.0,1.0,1,33,1.0,0.0
