block_data,stim,count,mean,std,min,25%,50%,75%,max,num_missing,adj_mean,stnd_error
1,materials/images/redA5.png,35,0.714285714,0.458349249,0,0.0,1.0,1.0,1,0,0.714285714,0.077475164
2,materials/images/redA5.png,35,0.685714286,0.471008216,0,0.0,1.0,1.0,1,0,0.685714286,0.07961492
3,materials/images/redA5.png,33,0.848484848,0.364109541,0,1.0,1.0,1.0,1,2,0.949494949,0.061545746
4,materials/images/redA5.png,29,0.862068966,0.350931203,0,1.0,1.0,1.0,1,6,0.980295567,0.0593182
5,materials/images/redA5.png,18,0.666666667,0.48507125,0,0.0,1.0,1.0,1,17,0.981481481,0.081992006
6,materials/images/redA5.png,10,0.9,0.316227766,0,1.0,1.0,1.0,1,25,0.996153846,0.053452248
7,materials/images/redA5.png,5,1.0,0.0,1,1.0,1.0,1.0,1,30,1.0,0.0
8,materials/images/redA5.png,2,1.0,0.0,1,1.0,1.0,1.0,1,33,1.0,0.0
