block_data,stim,count,mean,std,min,25%,50%,75%,max,num_missing,adj_mean,stnd_error
1,materials/images/redA1.png,35,0.685714286,0.471008216,0,0.0,1.0,1.0,1,0,0.685714286,0.07961492
2,materials/images/redA1.png,35,0.771428571,0.426042961,0,1.0,1.0,1.0,1,0,0.771428571,0.072014404
3,materials/images/redA1.png,33,0.757575758,0.43519414,0,1.0,1.0,1.0,1,2,0.919191919,0.073561236
4,materials/images/redA1.png,29,0.793103448,0.41225082,0,1.0,1.0,1.0,1,6,0.97044335,0.069683107
5,materials/images/redA1.png,18,0.944444444,0.23570226,0,1.0,1.0,1.0,1,17,0.99691358,0.039840954
6,materials/images/redA1.png,10,0.8,0.421637021,0,1.0,1.0,1.0,1,25,0.992307692,0.071269664
7,materials/images/redA1.png,5,0.8,0.447213595,0,1.0,1.0,1.0,1,30,0.993548387,0.075592895
8,materials/images/redA1.png,2,1.0,0.0,1,1.0,1.0,1.0,1,33,1.0,0.0
