block_data,stim,count,mean,std,min,25%,50%,75%,max,num_missing,adj_mean,stnd_error
1,materials/images/redA3.png,34,0.705882353,0.46249729,0,0.0,1.0,1.0,1,0,0.705882353,0.079317631
2,materials/images/redA3.png,34,0.852941176,0.359490628,0,1.0,1.0,1.0,1,0,0.852941176,0.061652134
3,materials/images/redA3.png,33,0.848484848,0.364109541,0,1.0,1.0,1.0,1,1,0.924242424,0.062444271
4,materials/images/redA3.png,25,0.92,0.276887462,0,1.0,1.0,1.0,1,9,0.992,0.047485808
5,materials/images/redA3.png,13,0.769230769,0.43852901,0,1.0,1.0,1.0,1,21,0.98951049,0.075207105
6,materials/images/redA3.png,8,1.0,0.0,1,1.0,1.0,1.0,1,26,1.0,0.0
7,materials/images/redA3.png,5,0.8,0.447213595,0,1.0,1.0,1.0,1,29,0.993333333,0.076696499
8,materials/images/redA3.png,1,1.0,,1,1.0,1.0,1.0,1,33,1.0,0.0
