block_data,stim,count,mean,std,min,25%,50%,75%,max,num_missing,adj_mean,stnd_error
1,materials/images/redA4.png,34,0.676470588,0.47485808,0,0.0,1.0,1.0,1,0,0.676470588,0.081437489
2,materials/images/redA4.png,34,0.852941176,0.359490628,0,1.0,1.0,1.0,1,0,0.852941176,0.061652134
3,materials/images/redA4.png,33,0.818181818,0.391674726,0,1.0,1.0,1.0,1,1,0.909090909,0.067171661
4,materials/images/redA4.png,25,0.8,0.40824829,0,1.0,1.0,1.0,1,9,0.98,0.070014004
5,materials/images/redA4.png,13,0.846153846,0.375533808,0,1.0,1.0,1.0,1,21,0.993006993,0.064403517
6,materials/images/redA4.png,8,0.875,0.353553391,0,1.0,1.0,1.0,1,26,0.99537037,0.060633906
7,materials/images/redA4.png,5,0.8,0.447213595,0,1.0,1.0,1.0,1,29,0.993333333,0.076696499
8,materials/images/redA4.png,1,1.0,,1,1.0,1.0,1.0,1,33,1.0,0.0
