block_data,stim,count,mean,std,min,25%,50%,75%,max,num_missing,adj_mean,stnd_error
1,materials/images/redA6.png,34,0.323529412,0.47485808,0,0.0,0.0,1.0,1,0,0.323529412,0.081437489
2,materials/images/redA6.png,34,0.470588235,0.506640397,0,0.0,0.0,1.0,1,0,0.470588235,0.086888111
3,materials/images/redA6.png,33,0.484848485,0.507519219,0,0.0,0.0,1.0,1,1,0.742424242,0.087038828
4,materials/images/redA6.png,25,0.56,0.506622805,0,0.0,1.0,1.0,1,9,0.956,0.086885094
5,materials/images/redA6.png,13,0.769230769,0.43852901,0,1.0,1.0,1.0,1,21,0.98951049,0.075207105
6,materials/images/redA6.png,8,0.875,0.353553391,0,1.0,1.0,1.0,1,26,0.99537037,0.060633906
7,materials/images/redA6.png,5,0.8,0.447213595,0,1.0,1.0,1.0,1,29,0.993333333,0.076696499
8,materials/images/redA6.png,1,1.0,,1,1.0,1.0,1.0,1,33,1.0,0.0
