block_data,count,mean,std,min,25%,50%,75%,max,err
1,840,0.45,0.49779011,0,0,0,1,1,0.084141886
2,840,0.521428571,0.499838217,0,0,1,1,1,0.084488079
