block_data,count,mean,std,min,25%,50%,75%,max,err
1,816,0.444852941,0.49725428,0,0,0,1,1,0.085278405
2,816,0.471813725,0.499511069,0,0,0,1,1,0.085665442
